{
  "version": 1,
  "author": "Don Pur",
  "editor": "wokwi",
  "parts": [
    { "type": "board-esp32-devkit-c-v4", "id": "esp", "top": -9.6, "left": 72.04, "attrs": {} },
    { "type": "wokwi-dht22", "id": "dht1", "top": -66.9, "left": 282.6, "attrs": {} },
    {
      "type": "wokwi-resistor",
      "id": "r1",
      "top": 110.4,
      "left": 258.65,
      "rotate": 90,
      "attrs": { "value": "1700" }
    }
  ],
  "connections": [
    [ "esp:TX", "$serialMonitor:RX", "", [] ],
    [ "esp:RX", "$serialMonitor:TX", "", [] ],
    [ "dht1:GND", "esp:CMD", "black", [ "v172.8", "h-268.8", "v-38.4" ] ],
    [ "r1:1", "dht1:VCC", "red", [ "h0" ] ],
    [ "r1:1", "esp:3V3", "red", [ "h-96", "v-105.6", "h-124.8", "v38.4" ] ],
    [ "r1:2", "dht1:SDA", "green", [ "h0" ] ],
    [ "r1:2", "esp:4", "green", [ "h-76.8", "v-10.8" ] ]
  ],
  "dependencies": {}
}